[
  {
    "email": "MINISTER",
    "phone": "",
    "status": true,
    "address": "",
    "website": "",
    "logo_url": "https://cdn.selfeb.com/images/view/images_category_image__1650892624339.jpeg",
    "name": "MINISTER"
  },
  {
    "email": "NESCAFF",
    "phone": "",
    "status": true,
    "address": "",
    "website": "",
    "logo_url": "https://cdn.selfeb.com/images/view/images_category_image__1650892578156.jpeg",
    "name": "NESCAFF"
  },
  {
    "email": "HORLIKS",
    "phone": "",
    "status": true,
    "address": "",
    "website": "",
    "logo_url": "https://cdn.selfeb.com/images/view/images_category_image__1650892559140.jpeg",
    "name": "HORLIKS"
  },
  {
    "email": "SAMSUNG",
    "phone": "",
    "status": true,
    "address": "",
    "website": "",
    "logo_url": "https://cdn.selfeb.com/images/view/images_category_image__1650892471694.jpeg",
    "name": "SAMSUNG"
  },
  {
    "email": "Lifboy",
    "phone": "",
    "status": true,
    "address": "",
    "website": "",
    "logo_url": "https://cdn.selfeb.com/images/view/images_category_image__1650892444839.jpeg",
    "name": "Lifboy"
  },
  {
    "email": "s",
    "phone": "",
    "status": true,
    "address": "",
    "website": "",
    "logo_url": "https://cdn.selfeb.com/images/view/images_category_image__1650892419576.png",
    "name": "Kinlay"
  },
  {
    "email": "hp",
    "phone": "",
    "status": true,
    "address": "",
    "website": "",
    "logo_url": "https://cdn.selfeb.com/images/view/images_category_image__1650892394520.jpeg",
    "name": "HP."
  },
  {
    "email": "",
    "phone": "",
    "status": true,
    "address": "",
    "website": "",
    "logo_url": "https://cdn.selfeb.com/images/view/images_category_image_SAMSUNG_1650892326227.png",
    "name": "PRAN"
  },
  {
    "email": "",
    "phone": "",
    "status": true,
    "address": "",
    "website": "",
    "logo_url": "https://cdn.selfeb.com/images/view/images_category_image_SAMSUNG_1650892326227.png",
    "name": "delete 1"
  },
  {
    "email": "",
    "phone": "",
    "status": true,
    "address": "",
    "website": "",
    "logo_url": "https://cdn.selfeb.com/images/view/images_category_image_SAMSUNG_1650892326227.png",
    "name": "delete 2"
  }
]