 [
        {
          "logo_url": "https://cdn.selfeb.com/images/view/images_category_image__1650597224012.png",
          "name": "Pran"
        },
        {
          "logo_url": "https://cdn.selfeb.com/images/view/images_category_image__1650597192828.jpeg",
          "name": "Horliks"
        },
        {
          "logo_url": "https://cdn.selfeb.com/images/view/images_category_image__1650597176427.jpeg",
          "name": "RFL"
        },
        {
          "logo_url": "https://cdn.selfeb.com/images/view/images_category_image__1650597157233.jpeg",
          "name": "Nescafa"
        },
        {
          "logo_url": "https://cdn.selfeb.com/images/view/images_category_image__1650597135734.png",
          "name": "Coca Cola"
        },
        {
          "logo_url": "https://cdn.selfeb.com/images/view/images_category_image__1650597099970.jpeg",
          "name": "Philips"
        },
        {
          "logo_url": "https://cdn.selfeb.com/images/view/images_category_image_HP_1650597076351.jpeg",
          "name": "HP"
        }
]
